"Id","Path","Slice Name","Alias(s)","Label","Min","Max","Must Support?","Is Modifier?","Is Summary?","Type(s)","Short","Definition","Comments","Requirements","Default Value","Meaning When Missing","Fixed Value","Pattern","Example","Minimum Value","Maximum Value","Maximum Length","Binding Strength","Binding Description","Binding Value Set","Code","Slicing Discriminator","Slicing Description","Slicing Ordered","Slicing Rules","Base Path","Base Min","Base Max","Condition(s)","Constraint(s)","Mapping: RIM Mapping"
"family-member","family-member","","","",0,*,"","","","","Familienmitglied","Ein Verweis auf ein Familienmitglied (nicht unbedingt biologisch verwandt).","","","","","","","","","",,,,,"",,,,"Base",0,*,"",""
"family-member.human","family-member.human","","","",1,1,"","","Y","Reference {[]} {[CanonicalType[http://example.com/fhir/example/StructureDefinition/human-being-logical-model]]}
","Familienmitglied","Ein Verweis auf das menschliche Familienmitglied","","","","","","","","","",,,,,"",,,,"family-member.human",1,1,"",""
"family-member.biological","family-member.biological","","","",0,1,"","","","boolean {[]} {[]}
","Biologisch verwandt?","Ein Familienmitglied darf aufgrund von Adoption, Patchworkfamilien usw. nicht biologisch verwandt sein.","","","","","","","","","",,,,,"",,,,"family-member.biological",0,1,"",""
