"Id","Path","Slice Name","Alias(s)","Label","Min","Max","Must Support?","Is Modifier?","Is Summary?","Type(s)","Short","Definition","Comments","Requirements","Default Value","Meaning When Missing","Fixed Value","Pattern","Example","Minimum Value","Maximum Value","Maximum Length","Binding Strength","Binding Description","Binding Value Set","Code","Slicing Discriminator","Slicing Description","Slicing Ordered","Slicing Rules","Base Path","Base Min","Base Max","Condition(s)","Constraint(s)","Mapping: RIM Mapping"
"human-being-logical-model","human-being-logical-model","","","",0,*,"","","","","Menschliches Wesen","Ein Mitglied der Spezies Homo sapiens.","","","","","","","","","",,,,,"",,,,"Base",0,*,"",""
"human-being-logical-model.name","human-being-logical-model.name","","","",0,*,"","","Y","HumanName {[]} {[]}
","Name(n) des Menschen“ „Die Namen, unter denen der Mensch bekannt ist oder war.","Name(n) des Menschen“ „Die Namen, unter denen der Mensch bekannt ist oder war.","","","","","","","","","",,,,,"",,,,"human-being-logical-model.name",0,*,"",""
"human-being-logical-model.birthDate","human-being-logical-model.birthDate","","","",0,1,"","","Y","dateTime {[]} {[]}
","Geburtsdatum, falls bekannt","Das Datum, an dem die Person geboren wurde. Näherungswerte können verwendet werden, wenn das genaue Datum unbekannt ist.","","","","","","","","","",,,,,"",,,,"human-being-logical-model.birthDate",0,1,"",""
"human-being-logical-model.deceased[x]","human-being-logical-model.deceased[x]","","","",0,1,"","","Y","boolean {[]} {[]}
dateTime {[]} {[]}Age {[]} {[]}","Angabe, ob der Mensch verstorben ist.","Ein Hinweis, ob der Mensch gestorben ist. Der boolesche Wert sollte nicht verwendet werden, wenn Datum oder Alter des Todes bekannt sind.","","","","","","","","","",,,,,"",,,,"human-being-logical-model.deceased[x]",0,1,"",""
"human-being-logical-model.family","human-being-logical-model.family","","","",0,1,"","","","BackboneElement {[]} {[]}
","Familie","Mitglieder der unmittelbaren Familie des Menschen.","","","","","","","","","",,,,,"",,,,"human-being-logical-model.family",0,1,"",""
"human-being-logical-model.family.mother","human-being-logical-model.family.mother","","","",0,2,"","","","http://example.com/fhir/example/StructureDefinition/family-member {[]} {[]}
","Mutter","Biologische Mutter, derzeitige Adoptivmutter oder beides.","","","","","","","","","",,,,,"",,,,"human-being-logical-model.family.mother",0,2,"",""
"human-being-logical-model.family.father","human-being-logical-model.family.father","","","",0,2,"","","","http://example.com/fhir/example/StructureDefinition/family-member {[]} {[]}
","Biologischer Vater, derzeitiger Adoptivvater oder beides.","Biologischer Vater, derzeitiger Adoptivvater oder beides.","","","","","","","","","",,,,,"",,,,"human-being-logical-model.family.father",0,2,"",""
"human-being-logical-model.family.sibling","human-being-logical-model.family.sibling","","","",0,*,"","","","http://example.com/fhir/example/StructureDefinition/family-member {[]} {[]}
","Geschwister","Andere Kinder der Mutter und/oder des Vaters des Menschen.","","","","","","","","","",,,,,"",,,,"human-being-logical-model.family.sibling",0,*,"",""
