<?xml version="1.0" encoding="UTF-8"?><StructureDefinition xmlns="http://hl7.org/fhir"><id value="human-being-logical-model"/><text><status value="extensions"/><div xmlns="http://www.w3.org/1999/xhtml"><table border="0" cellpadding="0" cellspacing="0" style="border: 0px #F0F0F0 solid; font-size: 11px; font-family: verdana; vertical-align: top;"><tr style="border: 1px #F0F0F0 solid; font-size: 11px; font-family: verdana; vertical-align: top"><th style="vertical-align: top; text-align : left; background-color: white; border: 0px #F0F0F0 solid; padding:0px 4px 0px 4px" class="hierarchy"><a href="http://hl7.org/fhir/R4/formats.html#table" title="The logical name of the element">Name</a></th><th style="vertical-align: top; text-align : left; background-color: white; border: 0px #F0F0F0 solid; padding:0px 4px 0px 4px" class="hierarchy"><a href="http://hl7.org/fhir/R4/formats.html#table" title="Information about the use of the element">Flags</a></th><th style="vertical-align: top; text-align : left; background-color: white; border: 0px #F0F0F0 solid; padding:0px 4px 0px 4px" class="hierarchy"><a href="http://hl7.org/fhir/R4/formats.html#table" title="Minimum and Maximum # of times the the element can appear in the instance">Card.</a></th><th style="width: 100px" class="hierarchy"><a href="http://hl7.org/fhir/R4/formats.html#table" title="Reference to the type of the element">Type</a></th><th style="vertical-align: top; text-align : left; background-color: white; border: 0px #F0F0F0 solid; padding:0px 4px 0px 4px" class="hierarchy"><a href="http://hl7.org/fhir/R4/formats.html#table" title="Additional information about the element">Description &amp; Constraints</a><span style="float: right"><a href="http://hl7.org/fhir/R4/formats.html#table" title="Legend for this format"><img src="http://hl7.org/fhir/R4/help16.png" alt="doco" style="background-color: inherit"/></a></span></th></tr><tr style="border: 0px #F0F0F0 solid; padding:0px; vertical-align: top; background-color: white"><td style="vertical-align: top; text-align : left; background-color: white; border: 0px #F0F0F0 solid; padding:0px 4px 0px 4px; white-space: nowrap; background-image: url(tbl_bck1.png)" class="hierarchy"><img src="tbl_spacer.png" alt="." style="background-color: inherit" class="hierarchy"/><img src="icon_element.gif" alt="." style="background-color: white; background-color: inherit" title="Element" class="hierarchy"/> <a href="StructureDefinition-human-being-logical-model-definitions.html#human-being-logical-model" title="Ein Mitglied der Spezies Homo sapiens.">human-being-logical-model</a><a name="human-being-logical-model"> </a></td><td style="vertical-align: top; text-align : left; background-color: white; border: 0px #F0F0F0 solid; padding:0px 4px 0px 4px" class="hierarchy"/><td style="vertical-align: top; text-align : left; background-color: white; border: 0px #F0F0F0 solid; padding:0px 4px 0px 4px" class="hierarchy"><span style="opacity: 0.5">0</span><span style="opacity: 0.5">..</span><span style="opacity: 0.5">*</span></td><td style="vertical-align: top; text-align : left; background-color: white; border: 0px #F0F0F0 solid; padding:0px 4px 0px 4px" class="hierarchy"><a href="http://build.fhir.org/types.html#Base">Base</a></td><td style="vertical-align: top; text-align : left; background-color: white; border: 0px #F0F0F0 solid; padding:0px 4px 0px 4px" class="hierarchy">Menschliches Wesen</td></tr>
<tr style="border: 0px #F0F0F0 solid; padding:0px; vertical-align: top; background-color: #F7F7F7"><td style="vertical-align: top; text-align : left; background-color: #F7F7F7; border: 0px #F0F0F0 solid; padding:0px 4px 0px 4px; white-space: nowrap; background-image: url(tbl_bck10.png)" class="hierarchy"><img src="tbl_spacer.png" alt="." style="background-color: inherit" class="hierarchy"/><img src="tbl_vjoin.png" alt="." style="background-color: inherit" class="hierarchy"/><img src="icon_datatype.gif" alt="." style="background-color: #F7F7F7; background-color: inherit" title="Data Type" class="hierarchy"/> <a href="StructureDefinition-human-being-logical-model-definitions.html#human-being-logical-model.name" title="Name(n) des Menschen“ „Die Namen, unter denen der Mensch bekannt ist oder war.">name</a><a name="human-being-logical-model.name"> </a></td><td style="vertical-align: top; text-align : left; background-color: #F7F7F7; border: 0px #F0F0F0 solid; padding:0px 4px 0px 4px" class="hierarchy"><span style="padding-left: 3px; padding-right: 3px; color: black; null" title="This element is included in summaries">Σ</span></td><td style="vertical-align: top; text-align : left; background-color: #F7F7F7; border: 0px #F0F0F0 solid; padding:0px 4px 0px 4px" class="hierarchy">0..*</td><td style="vertical-align: top; text-align : left; background-color: #F7F7F7; border: 0px #F0F0F0 solid; padding:0px 4px 0px 4px" class="hierarchy"><a href="http://hl7.org/fhir/R4/datatypes.html#HumanName">HumanName</a></td><td style="vertical-align: top; text-align : left; background-color: #F7F7F7; border: 0px #F0F0F0 solid; padding:0px 4px 0px 4px" class="hierarchy">Name(n) des Menschen“ „Die Namen, unter denen der Mensch bekannt ist oder war.<br/></td></tr>
<tr style="border: 0px #F0F0F0 solid; padding:0px; vertical-align: top; background-color: white"><td style="vertical-align: top; text-align : left; background-color: white; border: 0px #F0F0F0 solid; padding:0px 4px 0px 4px; white-space: nowrap; background-image: url(tbl_bck10.png)" class="hierarchy"><img src="tbl_spacer.png" alt="." style="background-color: inherit" class="hierarchy"/><img src="tbl_vjoin.png" alt="." style="background-color: inherit" class="hierarchy"/><img src="icon_primitive.png" alt="." style="background-color: white; background-color: inherit" title="Primitive Data Type" class="hierarchy"/> <a href="StructureDefinition-human-being-logical-model-definitions.html#human-being-logical-model.birthDate" title="Das Datum, an dem die Person geboren wurde. Näherungswerte können verwendet werden, wenn das genaue Datum unbekannt ist.">birthDate</a><a name="human-being-logical-model.birthDate"> </a></td><td style="vertical-align: top; text-align : left; background-color: white; border: 0px #F0F0F0 solid; padding:0px 4px 0px 4px" class="hierarchy"><span style="padding-left: 3px; padding-right: 3px; color: black; null" title="This element is included in summaries">Σ</span></td><td style="vertical-align: top; text-align : left; background-color: white; border: 0px #F0F0F0 solid; padding:0px 4px 0px 4px" class="hierarchy">0..1</td><td style="vertical-align: top; text-align : left; background-color: white; border: 0px #F0F0F0 solid; padding:0px 4px 0px 4px" class="hierarchy"><a href="http://hl7.org/fhir/R4/datatypes.html#dateTime">dateTime</a></td><td style="vertical-align: top; text-align : left; background-color: white; border: 0px #F0F0F0 solid; padding:0px 4px 0px 4px" class="hierarchy">Geburtsdatum, falls bekannt</td></tr>
<tr style="border: 0px #F0F0F0 solid; padding:0px; vertical-align: top; background-color: #F7F7F7"><td style="vertical-align: top; text-align : left; background-color: #F7F7F7; border: 0px #F0F0F0 solid; padding:0px 4px 0px 4px; white-space: nowrap; background-image: url(tbl_bck11.png)" class="hierarchy"><img src="tbl_spacer.png" alt="." style="background-color: inherit" class="hierarchy"/><img src="tbl_vjoin.png" alt="." style="background-color: inherit" class="hierarchy"/><img src="icon_choice.gif" alt="." style="background-color: #F7F7F7; background-color: inherit" title="Choice of Types" class="hierarchy"/> <a href="StructureDefinition-human-being-logical-model-definitions.html#human-being-logical-model.deceased[x]" title="Ein Hinweis, ob der Mensch gestorben ist. Der boolesche Wert sollte nicht verwendet werden, wenn Datum oder Alter des Todes bekannt sind.">deceased[x]</a><a name="human-being-logical-model.deceased_x_"> </a></td><td style="vertical-align: top; text-align : left; background-color: #F7F7F7; border: 0px #F0F0F0 solid; padding:0px 4px 0px 4px" class="hierarchy"><span style="padding-left: 3px; padding-right: 3px; color: black; null" title="This element is included in summaries">Σ</span></td><td style="vertical-align: top; text-align : left; background-color: #F7F7F7; border: 0px #F0F0F0 solid; padding:0px 4px 0px 4px" class="hierarchy">0..1</td><td style="vertical-align: top; text-align : left; background-color: #F7F7F7; border: 0px #F0F0F0 solid; padding:0px 4px 0px 4px" class="hierarchy"/><td style="vertical-align: top; text-align : left; background-color: #F7F7F7; border: 0px #F0F0F0 solid; padding:0px 4px 0px 4px" class="hierarchy">Angabe, ob der Mensch verstorben ist.</td></tr>
<tr style="border: 0px #F0F0F0 solid; padding:0px; vertical-align: top; background-color: white"><td style="vertical-align: top; text-align : left; background-color: white; border: 0px #F0F0F0 solid; padding:0px 4px 0px 4px; white-space: nowrap; background-image: url(tbl_bck110.png)" class="hierarchy"><img src="tbl_spacer.png" alt="." style="background-color: inherit" class="hierarchy"/><img src="tbl_vline.png" alt="." style="background-color: inherit" class="hierarchy"/><img src="tbl_vjoin.png" alt="." style="background-color: inherit" class="hierarchy"/><img src="icon_primitive.png" alt="." style="background-color: white; background-color: inherit" title="Primitive Data Type" class="hierarchy"/> <span title="Base StructureDefinition for boolean Type: Value of &quot;true&quot; or &quot;false&quot;">deceasedBoolean</span></td><td style="vertical-align: top; text-align : left; background-color: white; border: 0px #F0F0F0 solid; padding:0px 4px 0px 4px" class="hierarchy"/><td style="vertical-align: top; text-align : left; background-color: white; border: 0px #F0F0F0 solid; padding:0px 4px 0px 4px" class="hierarchy"></td><td style="vertical-align: top; text-align : left; background-color: white; border: 0px #F0F0F0 solid; padding:0px 4px 0px 4px" class="hierarchy"><a href="http://hl7.org/fhir/R4/datatypes.html#boolean">boolean</a></td><td style="vertical-align: top; text-align : left; background-color: white; border: 0px #F0F0F0 solid; padding:0px 4px 0px 4px" class="hierarchy"/></tr>
<tr style="border: 0px #F0F0F0 solid; padding:0px; vertical-align: top; background-color: #F7F7F7"><td style="vertical-align: top; text-align : left; background-color: #F7F7F7; border: 0px #F0F0F0 solid; padding:0px 4px 0px 4px; white-space: nowrap; background-image: url(tbl_bck110.png)" class="hierarchy"><img src="tbl_spacer.png" alt="." style="background-color: inherit" class="hierarchy"/><img src="tbl_vline.png" alt="." style="background-color: inherit" class="hierarchy"/><img src="tbl_vjoin.png" alt="." style="background-color: inherit" class="hierarchy"/><img src="icon_primitive.png" alt="." style="background-color: #F7F7F7; background-color: inherit" title="Primitive Data Type" class="hierarchy"/> <span title="Base StructureDefinition for dateTime Type: A date, date-time or partial date (e.g. just year or year + month).  If hours and minutes are specified, a time zone SHALL be populated. The format is a union of the schema types gYear, gYearMonth, date and dateTime. Seconds must be provided due to schema type constraints but may be zero-filled and may be ignored.                 Dates SHALL be valid dates.">deceasedDateTime</span></td><td style="vertical-align: top; text-align : left; background-color: #F7F7F7; border: 0px #F0F0F0 solid; padding:0px 4px 0px 4px" class="hierarchy"/><td style="vertical-align: top; text-align : left; background-color: #F7F7F7; border: 0px #F0F0F0 solid; padding:0px 4px 0px 4px" class="hierarchy"></td><td style="vertical-align: top; text-align : left; background-color: #F7F7F7; border: 0px #F0F0F0 solid; padding:0px 4px 0px 4px" class="hierarchy"><a href="http://hl7.org/fhir/R4/datatypes.html#dateTime">dateTime</a></td><td style="vertical-align: top; text-align : left; background-color: #F7F7F7; border: 0px #F0F0F0 solid; padding:0px 4px 0px 4px" class="hierarchy"/></tr>
<tr style="border: 0px #F0F0F0 solid; padding:0px; vertical-align: top; background-color: white"><td style="vertical-align: top; text-align : left; background-color: white; border: 0px #F0F0F0 solid; padding:0px 4px 0px 4px; white-space: nowrap; background-image: url(tbl_bck100.png)" class="hierarchy"><img src="tbl_spacer.png" alt="." style="background-color: inherit" class="hierarchy"/><img src="tbl_vline.png" alt="." style="background-color: inherit" class="hierarchy"/><img src="tbl_vjoin_end.png" alt="." style="background-color: inherit" class="hierarchy"/><img src="icon_datatype.gif" alt="." style="background-color: white; background-color: inherit" title="Data Type" class="hierarchy"/> <span title="Base StructureDefinition for Age Type: A duration of time during which an organism (or a process) has existed.">deceasedAge</span></td><td style="vertical-align: top; text-align : left; background-color: white; border: 0px #F0F0F0 solid; padding:0px 4px 0px 4px" class="hierarchy"/><td style="vertical-align: top; text-align : left; background-color: white; border: 0px #F0F0F0 solid; padding:0px 4px 0px 4px" class="hierarchy"></td><td style="vertical-align: top; text-align : left; background-color: white; border: 0px #F0F0F0 solid; padding:0px 4px 0px 4px" class="hierarchy"><a href="http://hl7.org/fhir/R4/datatypes.html#Age">Age</a></td><td style="vertical-align: top; text-align : left; background-color: white; border: 0px #F0F0F0 solid; padding:0px 4px 0px 4px" class="hierarchy"/></tr>
<tr style="border: 0px #F0F0F0 solid; padding:0px; vertical-align: top; background-color: #F7F7F7"><td style="vertical-align: top; text-align : left; background-color: #F7F7F7; border: 0px #F0F0F0 solid; padding:0px 4px 0px 4px; white-space: nowrap; background-image: url(tbl_bck01.png)" class="hierarchy"><img src="tbl_spacer.png" alt="." style="background-color: inherit" class="hierarchy"/><img src="tbl_vjoin_end.png" alt="." style="background-color: inherit" class="hierarchy"/><img src="icon_datatype.gif" alt="." style="background-color: #F7F7F7; background-color: inherit" title="Data Type" class="hierarchy"/> <a href="StructureDefinition-human-being-logical-model-definitions.html#human-being-logical-model.family" title="Mitglieder der unmittelbaren Familie des Menschen.">family</a><a name="human-being-logical-model.family"> </a></td><td style="vertical-align: top; text-align : left; background-color: #F7F7F7; border: 0px #F0F0F0 solid; padding:0px 4px 0px 4px" class="hierarchy"/><td style="vertical-align: top; text-align : left; background-color: #F7F7F7; border: 0px #F0F0F0 solid; padding:0px 4px 0px 4px" class="hierarchy">0..1</td><td style="vertical-align: top; text-align : left; background-color: #F7F7F7; border: 0px #F0F0F0 solid; padding:0px 4px 0px 4px" class="hierarchy"><a href="http://hl7.org/fhir/R4/datatypes.html#BackboneElement">BackboneElement</a></td><td style="vertical-align: top; text-align : left; background-color: #F7F7F7; border: 0px #F0F0F0 solid; padding:0px 4px 0px 4px" class="hierarchy">Familie</td></tr>
<tr style="border: 0px #F0F0F0 solid; padding:0px; vertical-align: top; background-color: white"><td style="vertical-align: top; text-align : left; background-color: white; border: 0px #F0F0F0 solid; padding:0px 4px 0px 4px; white-space: nowrap; background-image: url(tbl_bck010.png)" class="hierarchy"><img src="tbl_spacer.png" alt="." style="background-color: inherit" class="hierarchy"/><img src="tbl_blank.png" alt="." style="background-color: inherit" class="hierarchy"/><img src="tbl_vjoin.png" alt="." style="background-color: inherit" class="hierarchy"/><img src="icon_resource.png" alt="." style="background-color: white; background-color: inherit" title="Resource" class="hierarchy"/> <a href="StructureDefinition-human-being-logical-model-definitions.html#human-being-logical-model.family.mother" title="Biologische Mutter, derzeitige Adoptivmutter oder beides.">mother</a><a name="human-being-logical-model.family.mother"> </a></td><td style="vertical-align: top; text-align : left; background-color: white; border: 0px #F0F0F0 solid; padding:0px 4px 0px 4px" class="hierarchy"/><td style="vertical-align: top; text-align : left; background-color: white; border: 0px #F0F0F0 solid; padding:0px 4px 0px 4px" class="hierarchy">0..2</td><td style="vertical-align: top; text-align : left; background-color: white; border: 0px #F0F0F0 solid; padding:0px 4px 0px 4px" class="hierarchy"><a href="StructureDefinition-family-member.html">http://example.com/fhir/example/StructureDefinition/family-member</a></td><td style="vertical-align: top; text-align : left; background-color: white; border: 0px #F0F0F0 solid; padding:0px 4px 0px 4px" class="hierarchy">Mutter</td></tr>
<tr style="border: 0px #F0F0F0 solid; padding:0px; vertical-align: top; background-color: #F7F7F7"><td style="vertical-align: top; text-align : left; background-color: #F7F7F7; border: 0px #F0F0F0 solid; padding:0px 4px 0px 4px; white-space: nowrap; background-image: url(tbl_bck010.png)" class="hierarchy"><img src="tbl_spacer.png" alt="." style="background-color: inherit" class="hierarchy"/><img src="tbl_blank.png" alt="." style="background-color: inherit" class="hierarchy"/><img src="tbl_vjoin.png" alt="." style="background-color: inherit" class="hierarchy"/><img src="icon_resource.png" alt="." style="background-color: #F7F7F7; background-color: inherit" title="Resource" class="hierarchy"/> <a href="StructureDefinition-human-being-logical-model-definitions.html#human-being-logical-model.family.father" title="Biologischer Vater, derzeitiger Adoptivvater oder beides.">father</a><a name="human-being-logical-model.family.father"> </a></td><td style="vertical-align: top; text-align : left; background-color: #F7F7F7; border: 0px #F0F0F0 solid; padding:0px 4px 0px 4px" class="hierarchy"/><td style="vertical-align: top; text-align : left; background-color: #F7F7F7; border: 0px #F0F0F0 solid; padding:0px 4px 0px 4px" class="hierarchy">0..2</td><td style="vertical-align: top; text-align : left; background-color: #F7F7F7; border: 0px #F0F0F0 solid; padding:0px 4px 0px 4px" class="hierarchy"><a href="StructureDefinition-family-member.html">http://example.com/fhir/example/StructureDefinition/family-member</a></td><td style="vertical-align: top; text-align : left; background-color: #F7F7F7; border: 0px #F0F0F0 solid; padding:0px 4px 0px 4px" class="hierarchy">Biologischer Vater, derzeitiger Adoptivvater oder beides.</td></tr>
<tr style="border: 0px #F0F0F0 solid; padding:0px; vertical-align: top; background-color: white"><td style="vertical-align: top; text-align : left; background-color: white; border: 0px #F0F0F0 solid; padding:0px 4px 0px 4px; white-space: nowrap; background-image: url(tbl_bck000.png)" class="hierarchy"><img src="tbl_spacer.png" alt="." style="background-color: inherit" class="hierarchy"/><img src="tbl_blank.png" alt="." style="background-color: inherit" class="hierarchy"/><img src="tbl_vjoin_end.png" alt="." style="background-color: inherit" class="hierarchy"/><img src="icon_resource.png" alt="." style="background-color: white; background-color: inherit" title="Resource" class="hierarchy"/> <a href="StructureDefinition-human-being-logical-model-definitions.html#human-being-logical-model.family.sibling" title="Andere Kinder der Mutter und/oder des Vaters des Menschen.">sibling</a><a name="human-being-logical-model.family.sibling"> </a></td><td style="vertical-align: top; text-align : left; background-color: white; border: 0px #F0F0F0 solid; padding:0px 4px 0px 4px" class="hierarchy"/><td style="vertical-align: top; text-align : left; background-color: white; border: 0px #F0F0F0 solid; padding:0px 4px 0px 4px" class="hierarchy">0..*</td><td style="vertical-align: top; text-align : left; background-color: white; border: 0px #F0F0F0 solid; padding:0px 4px 0px 4px" class="hierarchy"><a href="StructureDefinition-family-member.html">http://example.com/fhir/example/StructureDefinition/family-member</a></td><td style="vertical-align: top; text-align : left; background-color: white; border: 0px #F0F0F0 solid; padding:0px 4px 0px 4px" class="hierarchy">Geschwister<br/></td></tr>
<tr><td colspan="5" class="hierarchy"><br/><a href="http://hl7.org/fhir/R4/formats.html#table" title="Legend for this format"><img src="http://hl7.org/fhir/R4/help16.png" alt="doco" style="background-color: inherit"/> Documentation for this format</a></td></tr></table></div></text><url value="http://example.com/fhir/example/StructureDefinition/human-being-logical-model"/><version value="0.1.0-test"/><name value="Human"/><title value="Menschliches Wesen"/><status value="active"/><date value="2022-10-27T22:34:02+00:00"/><publisher value="Masterthesis University Leipzig"/><contact><telecom><system value="url"/><value value="http://xxhl7.org/Special/committees/[something]"/></telecom></contact><description value="Ein Mitglied der Spezies Homo sapiens."/><jurisdiction><coding><system value="http://unstats.un.org/unsd/methods/m49/m49.htm"/><code value="001"/></coding></jurisdiction><fhirVersion value="4.0.1"/><mapping><identity value="rim"/><uri value="http://hl7.org/v3"/><name value="RIM Mapping"/></mapping><kind value="logical"/><abstract value="false"/><type value="http://example.com/fhir/example/StructureDefinition/human-being-logical-model"/><baseDefinition value="http://hl7.org/fhir/StructureDefinition/Base"/><derivation value="specialization"/><snapshot><element id="human-being-logical-model"><path value="human-being-logical-model"/><short value="Menschliches Wesen"/><definition value="Ein Mitglied der Spezies Homo sapiens."/><min value="0"/><max value="*"/><base><path value="Base"/><min value="0"/><max value="*"/></base><isModifier value="false"/></element><element id="human-being-logical-model.name"><path value="human-being-logical-model.name"/><short value="Name(n) des Menschen“ „Die Namen, unter denen der Mensch bekannt ist oder war."/><definition value="Name(n) des Menschen“ „Die Namen, unter denen der Mensch bekannt ist oder war."/><min value="0"/><max value="*"/><base><path value="human-being-logical-model.name"/><min value="0"/><max value="*"/></base><type><code value="HumanName"/></type><isSummary value="true"/></element><element id="human-being-logical-model.birthDate"><path value="human-being-logical-model.birthDate"/><short value="Geburtsdatum, falls bekannt"/><definition value="Das Datum, an dem die Person geboren wurde. Näherungswerte können verwendet werden, wenn das genaue Datum unbekannt ist."/><min value="0"/><max value="1"/><base><path value="human-being-logical-model.birthDate"/><min value="0"/><max value="1"/></base><type><code value="dateTime"/></type><isSummary value="true"/></element><element id="human-being-logical-model.deceased[x]"><path value="human-being-logical-model.deceased[x]"/><short value="Angabe, ob der Mensch verstorben ist."/><definition value="Ein Hinweis, ob der Mensch gestorben ist. Der boolesche Wert sollte nicht verwendet werden, wenn Datum oder Alter des Todes bekannt sind."/><min value="0"/><max value="1"/><base><path value="human-being-logical-model.deceased[x]"/><min value="0"/><max value="1"/></base><type><code value="boolean"/></type><type><code value="dateTime"/></type><type><code value="Age"/></type><isSummary value="true"/></element><element id="human-being-logical-model.family"><path value="human-being-logical-model.family"/><short value="Familie"/><definition value="Mitglieder der unmittelbaren Familie des Menschen."/><min value="0"/><max value="1"/><base><path value="human-being-logical-model.family"/><min value="0"/><max value="1"/></base><type><code value="BackboneElement"/></type></element><element id="human-being-logical-model.family.mother"><path value="human-being-logical-model.family.mother"/><short value="Mutter"/><definition value="Biologische Mutter, derzeitige Adoptivmutter oder beides."/><min value="0"/><max value="2"/><base><path value="human-being-logical-model.family.mother"/><min value="0"/><max value="2"/></base><type><code value="http://example.com/fhir/example/StructureDefinition/family-member"/></type></element><element id="human-being-logical-model.family.father"><path value="human-being-logical-model.family.father"/><short value="Biologischer Vater, derzeitiger Adoptivvater oder beides."/><definition value="Biologischer Vater, derzeitiger Adoptivvater oder beides."/><min value="0"/><max value="2"/><base><path value="human-being-logical-model.family.father"/><min value="0"/><max value="2"/></base><type><code value="http://example.com/fhir/example/StructureDefinition/family-member"/></type></element><element id="human-being-logical-model.family.sibling"><path value="human-being-logical-model.family.sibling"/><short value="Geschwister"/><definition value="Andere Kinder der Mutter und/oder des Vaters des Menschen."/><min value="0"/><max value="*"/><base><path value="human-being-logical-model.family.sibling"/><min value="0"/><max value="*"/></base><type><code value="http://example.com/fhir/example/StructureDefinition/family-member"/></type></element></snapshot><differential><element id="human-being-logical-model"><path value="human-being-logical-model"/><short value="Menschliches Wesen"/><definition value="Ein Mitglied der Spezies Homo sapiens."/></element><element id="human-being-logical-model.name"><path value="human-being-logical-model.name"/><short value="Name(n) des Menschen“ „Die Namen, unter denen der Mensch bekannt ist oder war."/><definition value="Name(n) des Menschen“ „Die Namen, unter denen der Mensch bekannt ist oder war."/><min value="0"/><max value="*"/><type><code value="HumanName"/></type><isSummary value="true"/></element><element id="human-being-logical-model.birthDate"><path value="human-being-logical-model.birthDate"/><short value="Geburtsdatum, falls bekannt"/><definition value="Das Datum, an dem die Person geboren wurde. Näherungswerte können verwendet werden, wenn das genaue Datum unbekannt ist."/><min value="0"/><max value="1"/><type><code value="dateTime"/></type><isSummary value="true"/></element><element id="human-being-logical-model.deceased[x]"><path value="human-being-logical-model.deceased[x]"/><short value="Angabe, ob der Mensch verstorben ist."/><definition value="Ein Hinweis, ob der Mensch gestorben ist. Der boolesche Wert sollte nicht verwendet werden, wenn Datum oder Alter des Todes bekannt sind."/><min value="0"/><max value="1"/><type><code value="boolean"/></type><type><code value="dateTime"/></type><type><code value="Age"/></type><isSummary value="true"/></element><element id="human-being-logical-model.family"><path value="human-being-logical-model.family"/><short value="Familie"/><definition value="Mitglieder der unmittelbaren Familie des Menschen."/><min value="0"/><max value="1"/><type><code value="BackboneElement"/></type></element><element id="human-being-logical-model.family.mother"><path value="human-being-logical-model.family.mother"/><short value="Mutter"/><definition value="Biologische Mutter, derzeitige Adoptivmutter oder beides."/><min value="0"/><max value="2"/><type><code value="http://example.com/fhir/example/StructureDefinition/family-member"/></type></element><element id="human-being-logical-model.family.father"><path value="human-being-logical-model.family.father"/><short value="Biologischer Vater, derzeitiger Adoptivvater oder beides."/><definition value="Biologischer Vater, derzeitiger Adoptivvater oder beides."/><min value="0"/><max value="2"/><type><code value="http://example.com/fhir/example/StructureDefinition/family-member"/></type></element><element id="human-being-logical-model.family.sibling"><path value="human-being-logical-model.family.sibling"/><short value="Geschwister"/><definition value="Andere Kinder der Mutter und/oder des Vaters des Menschen."/><min value="0"/><max value="*"/><type><code value="http://example.com/fhir/example/StructureDefinition/family-member"/></type></element></differential></StructureDefinition>