{"resourceType":"StructureDefinition","id":"human-being-logical-model","text":{"status":"extensions","div":"<div xmlns=\"http://www.w3.org/1999/xhtml\"><table border=\"0\" cellpadding=\"0\" cellspacing=\"0\" style=\"border: 0px #F0F0F0 solid; font-size: 11px; font-family: verdana; vertical-align: top;\"><tr style=\"border: 1px #F0F0F0 solid; font-size: 11px; font-family: verdana; vertical-align: top\"><th style=\"vertical-align: top; text-align : left; background-color: white; border: 0px #F0F0F0 solid; padding:0px 4px 0px 4px\" class=\"hierarchy\"><a href=\"http://hl7.org/fhir/R4/formats.html#table\" title=\"The logical name of the element\">Name</a></th><th style=\"vertical-align: top; text-align : left; background-color: white; border: 0px #F0F0F0 solid; padding:0px 4px 0px 4px\" class=\"hierarchy\"><a href=\"http://hl7.org/fhir/R4/formats.html#table\" title=\"Information about the use of the element\">Flags</a></th><th style=\"vertical-align: top; text-align : left; background-color: white; border: 0px #F0F0F0 solid; padding:0px 4px 0px 4px\" class=\"hierarchy\"><a href=\"http://hl7.org/fhir/R4/formats.html#table\" title=\"Minimum and Maximum # of times the the element can appear in the instance\">Card.</a></th><th style=\"width: 100px\" class=\"hierarchy\"><a href=\"http://hl7.org/fhir/R4/formats.html#table\" title=\"Reference to the type of the element\">Type</a></th><th style=\"vertical-align: top; text-align : left; background-color: white; border: 0px #F0F0F0 solid; padding:0px 4px 0px 4px\" class=\"hierarchy\"><a href=\"http://hl7.org/fhir/R4/formats.html#table\" title=\"Additional information about the element\">Description &amp; Constraints</a><span style=\"float: right\"><a href=\"http://hl7.org/fhir/R4/formats.html#table\" title=\"Legend for this format\"><img src=\"http://hl7.org/fhir/R4/help16.png\" alt=\"doco\" style=\"background-color: inherit\"/></a></span></th></tr><tr style=\"border: 0px #F0F0F0 solid; padding:0px; vertical-align: top; background-color: white\"><td style=\"vertical-align: top; text-align : left; background-color: white; border: 0px #F0F0F0 solid; padding:0px 4px 0px 4px; white-space: nowrap; background-image: url(tbl_bck1.png)\" class=\"hierarchy\"><img src=\"tbl_spacer.png\" alt=\".\" style=\"background-color: inherit\" class=\"hierarchy\"/><img src=\"icon_element.gif\" alt=\".\" style=\"background-color: white; background-color: inherit\" title=\"Element\" class=\"hierarchy\"/> <a href=\"StructureDefinition-human-being-logical-model-definitions.html#human-being-logical-model\" title=\"Ein Mitglied der Spezies Homo sapiens.\">human-being-logical-model</a><a name=\"human-being-logical-model\"> </a></td><td style=\"vertical-align: top; text-align : left; background-color: white; border: 0px #F0F0F0 solid; padding:0px 4px 0px 4px\" class=\"hierarchy\"/><td style=\"vertical-align: top; text-align : left; background-color: white; border: 0px #F0F0F0 solid; padding:0px 4px 0px 4px\" class=\"hierarchy\"><span style=\"opacity: 0.5\">0</span><span style=\"opacity: 0.5\">..</span><span style=\"opacity: 0.5\">*</span></td><td style=\"vertical-align: top; text-align : left; background-color: white; border: 0px #F0F0F0 solid; padding:0px 4px 0px 4px\" class=\"hierarchy\"><a href=\"http://build.fhir.org/types.html#Base\">Base</a></td><td style=\"vertical-align: top; text-align : left; background-color: white; border: 0px #F0F0F0 solid; padding:0px 4px 0px 4px\" class=\"hierarchy\">Menschliches Wesen</td></tr>\r\n<tr style=\"border: 0px #F0F0F0 solid; padding:0px; vertical-align: top; background-color: #F7F7F7\"><td style=\"vertical-align: top; text-align : left; background-color: #F7F7F7; border: 0px #F0F0F0 solid; padding:0px 4px 0px 4px; white-space: nowrap; background-image: url(tbl_bck10.png)\" class=\"hierarchy\"><img src=\"tbl_spacer.png\" alt=\".\" style=\"background-color: inherit\" class=\"hierarchy\"/><img src=\"tbl_vjoin.png\" alt=\".\" style=\"background-color: inherit\" class=\"hierarchy\"/><img src=\"icon_datatype.gif\" alt=\".\" style=\"background-color: #F7F7F7; background-color: inherit\" title=\"Data Type\" class=\"hierarchy\"/> <a href=\"StructureDefinition-human-being-logical-model-definitions.html#human-being-logical-model.name\" title=\"Name(n) des Menschen“ „Die Namen, unter denen der Mensch bekannt ist oder war.\">name</a><a name=\"human-being-logical-model.name\"> </a></td><td style=\"vertical-align: top; text-align : left; background-color: #F7F7F7; border: 0px #F0F0F0 solid; padding:0px 4px 0px 4px\" class=\"hierarchy\"><span style=\"padding-left: 3px; padding-right: 3px; color: black; null\" title=\"This element is included in summaries\">Σ</span></td><td style=\"vertical-align: top; text-align : left; background-color: #F7F7F7; border: 0px #F0F0F0 solid; padding:0px 4px 0px 4px\" class=\"hierarchy\">0..*</td><td style=\"vertical-align: top; text-align : left; background-color: #F7F7F7; border: 0px #F0F0F0 solid; padding:0px 4px 0px 4px\" class=\"hierarchy\"><a href=\"http://hl7.org/fhir/R4/datatypes.html#HumanName\">HumanName</a></td><td style=\"vertical-align: top; text-align : left; background-color: #F7F7F7; border: 0px #F0F0F0 solid; padding:0px 4px 0px 4px\" class=\"hierarchy\">Name(n) des Menschen“ „Die Namen, unter denen der Mensch bekannt ist oder war.<br/></td></tr>\r\n<tr style=\"border: 0px #F0F0F0 solid; padding:0px; vertical-align: top; background-color: white\"><td style=\"vertical-align: top; text-align : left; background-color: white; border: 0px #F0F0F0 solid; padding:0px 4px 0px 4px; white-space: nowrap; background-image: url(tbl_bck10.png)\" class=\"hierarchy\"><img src=\"tbl_spacer.png\" alt=\".\" style=\"background-color: inherit\" class=\"hierarchy\"/><img src=\"tbl_vjoin.png\" alt=\".\" style=\"background-color: inherit\" class=\"hierarchy\"/><img src=\"icon_primitive.png\" alt=\".\" style=\"background-color: white; background-color: inherit\" title=\"Primitive Data Type\" class=\"hierarchy\"/> <a href=\"StructureDefinition-human-being-logical-model-definitions.html#human-being-logical-model.birthDate\" title=\"Das Datum, an dem die Person geboren wurde. Näherungswerte können verwendet werden, wenn das genaue Datum unbekannt ist.\">birthDate</a><a name=\"human-being-logical-model.birthDate\"> </a></td><td style=\"vertical-align: top; text-align : left; background-color: white; border: 0px #F0F0F0 solid; padding:0px 4px 0px 4px\" class=\"hierarchy\"><span style=\"padding-left: 3px; padding-right: 3px; color: black; null\" title=\"This element is included in summaries\">Σ</span></td><td style=\"vertical-align: top; text-align : left; background-color: white; border: 0px #F0F0F0 solid; padding:0px 4px 0px 4px\" class=\"hierarchy\">0..1</td><td style=\"vertical-align: top; text-align : left; background-color: white; border: 0px #F0F0F0 solid; padding:0px 4px 0px 4px\" class=\"hierarchy\"><a href=\"http://hl7.org/fhir/R4/datatypes.html#dateTime\">dateTime</a></td><td style=\"vertical-align: top; text-align : left; background-color: white; border: 0px #F0F0F0 solid; padding:0px 4px 0px 4px\" class=\"hierarchy\">Geburtsdatum, falls bekannt</td></tr>\r\n<tr style=\"border: 0px #F0F0F0 solid; padding:0px; vertical-align: top; background-color: #F7F7F7\"><td style=\"vertical-align: top; text-align : left; background-color: #F7F7F7; border: 0px #F0F0F0 solid; padding:0px 4px 0px 4px; white-space: nowrap; background-image: url(tbl_bck11.png)\" class=\"hierarchy\"><img src=\"tbl_spacer.png\" alt=\".\" style=\"background-color: inherit\" class=\"hierarchy\"/><img src=\"tbl_vjoin.png\" alt=\".\" style=\"background-color: inherit\" class=\"hierarchy\"/><img src=\"icon_choice.gif\" alt=\".\" style=\"background-color: #F7F7F7; background-color: inherit\" title=\"Choice of Types\" class=\"hierarchy\"/> <a href=\"StructureDefinition-human-being-logical-model-definitions.html#human-being-logical-model.deceased[x]\" title=\"Ein Hinweis, ob der Mensch gestorben ist. Der boolesche Wert sollte nicht verwendet werden, wenn Datum oder Alter des Todes bekannt sind.\">deceased[x]</a><a name=\"human-being-logical-model.deceased_x_\"> </a></td><td style=\"vertical-align: top; text-align : left; background-color: #F7F7F7; border: 0px #F0F0F0 solid; padding:0px 4px 0px 4px\" class=\"hierarchy\"><span style=\"padding-left: 3px; padding-right: 3px; color: black; null\" title=\"This element is included in summaries\">Σ</span></td><td style=\"vertical-align: top; text-align : left; background-color: #F7F7F7; border: 0px #F0F0F0 solid; padding:0px 4px 0px 4px\" class=\"hierarchy\">0..1</td><td style=\"vertical-align: top; text-align : left; background-color: #F7F7F7; border: 0px #F0F0F0 solid; padding:0px 4px 0px 4px\" class=\"hierarchy\"/><td style=\"vertical-align: top; text-align : left; background-color: #F7F7F7; border: 0px #F0F0F0 solid; padding:0px 4px 0px 4px\" class=\"hierarchy\">Angabe, ob der Mensch verstorben ist.</td></tr>\r\n<tr style=\"border: 0px #F0F0F0 solid; padding:0px; vertical-align: top; background-color: white\"><td style=\"vertical-align: top; text-align : left; background-color: white; border: 0px #F0F0F0 solid; padding:0px 4px 0px 4px; white-space: nowrap; background-image: url(tbl_bck110.png)\" class=\"hierarchy\"><img src=\"tbl_spacer.png\" alt=\".\" style=\"background-color: inherit\" class=\"hierarchy\"/><img src=\"tbl_vline.png\" alt=\".\" style=\"background-color: inherit\" class=\"hierarchy\"/><img src=\"tbl_vjoin.png\" alt=\".\" style=\"background-color: inherit\" class=\"hierarchy\"/><img src=\"icon_primitive.png\" alt=\".\" style=\"background-color: white; background-color: inherit\" title=\"Primitive Data Type\" class=\"hierarchy\"/> <span title=\"Base StructureDefinition for boolean Type: Value of &quot;true&quot; or &quot;false&quot;\">deceasedBoolean</span></td><td style=\"vertical-align: top; text-align : left; background-color: white; border: 0px #F0F0F0 solid; padding:0px 4px 0px 4px\" class=\"hierarchy\"/><td style=\"vertical-align: top; text-align : left; background-color: white; border: 0px #F0F0F0 solid; padding:0px 4px 0px 4px\" class=\"hierarchy\"></td><td style=\"vertical-align: top; text-align : left; background-color: white; border: 0px #F0F0F0 solid; padding:0px 4px 0px 4px\" class=\"hierarchy\"><a href=\"http://hl7.org/fhir/R4/datatypes.html#boolean\">boolean</a></td><td style=\"vertical-align: top; text-align : left; background-color: white; border: 0px #F0F0F0 solid; padding:0px 4px 0px 4px\" class=\"hierarchy\"/></tr>\r\n<tr style=\"border: 0px #F0F0F0 solid; padding:0px; vertical-align: top; background-color: #F7F7F7\"><td style=\"vertical-align: top; text-align : left; background-color: #F7F7F7; border: 0px #F0F0F0 solid; padding:0px 4px 0px 4px; white-space: nowrap; background-image: url(tbl_bck110.png)\" class=\"hierarchy\"><img src=\"tbl_spacer.png\" alt=\".\" style=\"background-color: inherit\" class=\"hierarchy\"/><img src=\"tbl_vline.png\" alt=\".\" style=\"background-color: inherit\" class=\"hierarchy\"/><img src=\"tbl_vjoin.png\" alt=\".\" style=\"background-color: inherit\" class=\"hierarchy\"/><img src=\"icon_primitive.png\" alt=\".\" style=\"background-color: #F7F7F7; background-color: inherit\" title=\"Primitive Data Type\" class=\"hierarchy\"/> <span title=\"Base StructureDefinition for dateTime Type: A date, date-time or partial date (e.g. just year or year + month).  If hours and minutes are specified, a time zone SHALL be populated. The format is a union of the schema types gYear, gYearMonth, date and dateTime. Seconds must be provided due to schema type constraints but may be zero-filled and may be ignored.                 Dates SHALL be valid dates.\">deceasedDateTime</span></td><td style=\"vertical-align: top; text-align : left; background-color: #F7F7F7; border: 0px #F0F0F0 solid; padding:0px 4px 0px 4px\" class=\"hierarchy\"/><td style=\"vertical-align: top; text-align : left; background-color: #F7F7F7; border: 0px #F0F0F0 solid; padding:0px 4px 0px 4px\" class=\"hierarchy\"></td><td style=\"vertical-align: top; text-align : left; background-color: #F7F7F7; border: 0px #F0F0F0 solid; padding:0px 4px 0px 4px\" class=\"hierarchy\"><a href=\"http://hl7.org/fhir/R4/datatypes.html#dateTime\">dateTime</a></td><td style=\"vertical-align: top; text-align : left; background-color: #F7F7F7; border: 0px #F0F0F0 solid; padding:0px 4px 0px 4px\" class=\"hierarchy\"/></tr>\r\n<tr style=\"border: 0px #F0F0F0 solid; padding:0px; vertical-align: top; background-color: white\"><td style=\"vertical-align: top; text-align : left; background-color: white; border: 0px #F0F0F0 solid; padding:0px 4px 0px 4px; white-space: nowrap; background-image: url(tbl_bck100.png)\" class=\"hierarchy\"><img src=\"tbl_spacer.png\" alt=\".\" style=\"background-color: inherit\" class=\"hierarchy\"/><img src=\"tbl_vline.png\" alt=\".\" style=\"background-color: inherit\" class=\"hierarchy\"/><img src=\"tbl_vjoin_end.png\" alt=\".\" style=\"background-color: inherit\" class=\"hierarchy\"/><img src=\"icon_datatype.gif\" alt=\".\" style=\"background-color: white; background-color: inherit\" title=\"Data Type\" class=\"hierarchy\"/> <span title=\"Base StructureDefinition for Age Type: A duration of time during which an organism (or a process) has existed.\">deceasedAge</span></td><td style=\"vertical-align: top; text-align : left; background-color: white; border: 0px #F0F0F0 solid; padding:0px 4px 0px 4px\" class=\"hierarchy\"/><td style=\"vertical-align: top; text-align : left; background-color: white; border: 0px #F0F0F0 solid; padding:0px 4px 0px 4px\" class=\"hierarchy\"></td><td style=\"vertical-align: top; text-align : left; background-color: white; border: 0px #F0F0F0 solid; padding:0px 4px 0px 4px\" class=\"hierarchy\"><a href=\"http://hl7.org/fhir/R4/datatypes.html#Age\">Age</a></td><td style=\"vertical-align: top; text-align : left; background-color: white; border: 0px #F0F0F0 solid; padding:0px 4px 0px 4px\" class=\"hierarchy\"/></tr>\r\n<tr style=\"border: 0px #F0F0F0 solid; padding:0px; vertical-align: top; background-color: #F7F7F7\"><td style=\"vertical-align: top; text-align : left; background-color: #F7F7F7; border: 0px #F0F0F0 solid; padding:0px 4px 0px 4px; white-space: nowrap; background-image: url(tbl_bck01.png)\" class=\"hierarchy\"><img src=\"tbl_spacer.png\" alt=\".\" style=\"background-color: inherit\" class=\"hierarchy\"/><img src=\"tbl_vjoin_end.png\" alt=\".\" style=\"background-color: inherit\" class=\"hierarchy\"/><img src=\"icon_datatype.gif\" alt=\".\" style=\"background-color: #F7F7F7; background-color: inherit\" title=\"Data Type\" class=\"hierarchy\"/> <a href=\"StructureDefinition-human-being-logical-model-definitions.html#human-being-logical-model.family\" title=\"Mitglieder der unmittelbaren Familie des Menschen.\">family</a><a name=\"human-being-logical-model.family\"> </a></td><td style=\"vertical-align: top; text-align : left; background-color: #F7F7F7; border: 0px #F0F0F0 solid; padding:0px 4px 0px 4px\" class=\"hierarchy\"/><td style=\"vertical-align: top; text-align : left; background-color: #F7F7F7; border: 0px #F0F0F0 solid; padding:0px 4px 0px 4px\" class=\"hierarchy\">0..1</td><td style=\"vertical-align: top; text-align : left; background-color: #F7F7F7; border: 0px #F0F0F0 solid; padding:0px 4px 0px 4px\" class=\"hierarchy\"><a href=\"http://hl7.org/fhir/R4/datatypes.html#BackboneElement\">BackboneElement</a></td><td style=\"vertical-align: top; text-align : left; background-color: #F7F7F7; border: 0px #F0F0F0 solid; padding:0px 4px 0px 4px\" class=\"hierarchy\">Familie</td></tr>\r\n<tr style=\"border: 0px #F0F0F0 solid; padding:0px; vertical-align: top; background-color: white\"><td style=\"vertical-align: top; text-align : left; background-color: white; border: 0px #F0F0F0 solid; padding:0px 4px 0px 4px; white-space: nowrap; background-image: url(tbl_bck010.png)\" class=\"hierarchy\"><img src=\"tbl_spacer.png\" alt=\".\" style=\"background-color: inherit\" class=\"hierarchy\"/><img src=\"tbl_blank.png\" alt=\".\" style=\"background-color: inherit\" class=\"hierarchy\"/><img src=\"tbl_vjoin.png\" alt=\".\" style=\"background-color: inherit\" class=\"hierarchy\"/><img src=\"icon_resource.png\" alt=\".\" style=\"background-color: white; background-color: inherit\" title=\"Resource\" class=\"hierarchy\"/> <a href=\"StructureDefinition-human-being-logical-model-definitions.html#human-being-logical-model.family.mother\" title=\"Biologische Mutter, derzeitige Adoptivmutter oder beides.\">mother</a><a name=\"human-being-logical-model.family.mother\"> </a></td><td style=\"vertical-align: top; text-align : left; background-color: white; border: 0px #F0F0F0 solid; padding:0px 4px 0px 4px\" class=\"hierarchy\"/><td style=\"vertical-align: top; text-align : left; background-color: white; border: 0px #F0F0F0 solid; padding:0px 4px 0px 4px\" class=\"hierarchy\">0..2</td><td style=\"vertical-align: top; text-align : left; background-color: white; border: 0px #F0F0F0 solid; padding:0px 4px 0px 4px\" class=\"hierarchy\"><a href=\"StructureDefinition-family-member.html\">http://example.com/fhir/example/StructureDefinition/family-member</a></td><td style=\"vertical-align: top; text-align : left; background-color: white; border: 0px #F0F0F0 solid; padding:0px 4px 0px 4px\" class=\"hierarchy\">Mutter</td></tr>\r\n<tr style=\"border: 0px #F0F0F0 solid; padding:0px; vertical-align: top; background-color: #F7F7F7\"><td style=\"vertical-align: top; text-align : left; background-color: #F7F7F7; border: 0px #F0F0F0 solid; padding:0px 4px 0px 4px; white-space: nowrap; background-image: url(tbl_bck010.png)\" class=\"hierarchy\"><img src=\"tbl_spacer.png\" alt=\".\" style=\"background-color: inherit\" class=\"hierarchy\"/><img src=\"tbl_blank.png\" alt=\".\" style=\"background-color: inherit\" class=\"hierarchy\"/><img src=\"tbl_vjoin.png\" alt=\".\" style=\"background-color: inherit\" class=\"hierarchy\"/><img src=\"icon_resource.png\" alt=\".\" style=\"background-color: #F7F7F7; background-color: inherit\" title=\"Resource\" class=\"hierarchy\"/> <a href=\"StructureDefinition-human-being-logical-model-definitions.html#human-being-logical-model.family.father\" title=\"Biologischer Vater, derzeitiger Adoptivvater oder beides.\">father</a><a name=\"human-being-logical-model.family.father\"> </a></td><td style=\"vertical-align: top; text-align : left; background-color: #F7F7F7; border: 0px #F0F0F0 solid; padding:0px 4px 0px 4px\" class=\"hierarchy\"/><td style=\"vertical-align: top; text-align : left; background-color: #F7F7F7; border: 0px #F0F0F0 solid; padding:0px 4px 0px 4px\" class=\"hierarchy\">0..2</td><td style=\"vertical-align: top; text-align : left; background-color: #F7F7F7; border: 0px #F0F0F0 solid; padding:0px 4px 0px 4px\" class=\"hierarchy\"><a href=\"StructureDefinition-family-member.html\">http://example.com/fhir/example/StructureDefinition/family-member</a></td><td style=\"vertical-align: top; text-align : left; background-color: #F7F7F7; border: 0px #F0F0F0 solid; padding:0px 4px 0px 4px\" class=\"hierarchy\">Biologischer Vater, derzeitiger Adoptivvater oder beides.</td></tr>\r\n<tr style=\"border: 0px #F0F0F0 solid; padding:0px; vertical-align: top; background-color: white\"><td style=\"vertical-align: top; text-align : left; background-color: white; border: 0px #F0F0F0 solid; padding:0px 4px 0px 4px; white-space: nowrap; background-image: url(tbl_bck000.png)\" class=\"hierarchy\"><img src=\"tbl_spacer.png\" alt=\".\" style=\"background-color: inherit\" class=\"hierarchy\"/><img src=\"tbl_blank.png\" alt=\".\" style=\"background-color: inherit\" class=\"hierarchy\"/><img src=\"tbl_vjoin_end.png\" alt=\".\" style=\"background-color: inherit\" class=\"hierarchy\"/><img src=\"icon_resource.png\" alt=\".\" style=\"background-color: white; background-color: inherit\" title=\"Resource\" class=\"hierarchy\"/> <a href=\"StructureDefinition-human-being-logical-model-definitions.html#human-being-logical-model.family.sibling\" title=\"Andere Kinder der Mutter und/oder des Vaters des Menschen.\">sibling</a><a name=\"human-being-logical-model.family.sibling\"> </a></td><td style=\"vertical-align: top; text-align : left; background-color: white; border: 0px #F0F0F0 solid; padding:0px 4px 0px 4px\" class=\"hierarchy\"/><td style=\"vertical-align: top; text-align : left; background-color: white; border: 0px #F0F0F0 solid; padding:0px 4px 0px 4px\" class=\"hierarchy\">0..*</td><td style=\"vertical-align: top; text-align : left; background-color: white; border: 0px #F0F0F0 solid; padding:0px 4px 0px 4px\" class=\"hierarchy\"><a href=\"StructureDefinition-family-member.html\">http://example.com/fhir/example/StructureDefinition/family-member</a></td><td style=\"vertical-align: top; text-align : left; background-color: white; border: 0px #F0F0F0 solid; padding:0px 4px 0px 4px\" class=\"hierarchy\">Geschwister<br/></td></tr>\r\n<tr><td colspan=\"5\" class=\"hierarchy\"><br/><a href=\"http://hl7.org/fhir/R4/formats.html#table\" title=\"Legend for this format\"><img src=\"http://hl7.org/fhir/R4/help16.png\" alt=\"doco\" style=\"background-color: inherit\"/> Documentation for this format</a></td></tr></table></div>"},"url":"http://example.com/fhir/example/StructureDefinition/human-being-logical-model","version":"0.1.0-test","name":"Human","title":"Menschliches Wesen","status":"active","date":"2022-11-02T08:45:38+00:00","publisher":"Masterthesis University Leipzig","contact":[{"telecom":[{"system":"url","value":"http://xxhl7.org/Special/committees/[something]"}]}],"description":"Ein Mitglied der Spezies Homo sapiens.","jurisdiction":[{"coding":[{"system":"http://unstats.un.org/unsd/methods/m49/m49.htm","code":"001"}]}],"fhirVersion":"4.0.1","mapping":[{"identity":"rim","uri":"http://hl7.org/v3","name":"RIM Mapping"}],"kind":"logical","abstract":false,"type":"http://example.com/fhir/example/StructureDefinition/human-being-logical-model","baseDefinition":"http://hl7.org/fhir/StructureDefinition/Base","derivation":"specialization","snapshot":{"element":[{"id":"human-being-logical-model","path":"human-being-logical-model","short":"Menschliches Wesen","definition":"Ein Mitglied der Spezies Homo sapiens.","min":0,"max":"*","base":{"path":"Base","min":0,"max":"*"},"isModifier":false},{"id":"human-being-logical-model.name","path":"human-being-logical-model.name","short":"Name(n) des Menschen“ „Die Namen, unter denen der Mensch bekannt ist oder war.","definition":"Name(n) des Menschen“ „Die Namen, unter denen der Mensch bekannt ist oder war.","min":0,"max":"*","base":{"path":"human-being-logical-model.name","min":0,"max":"*"},"type":[{"code":"HumanName"}],"isSummary":true},{"id":"human-being-logical-model.birthDate","path":"human-being-logical-model.birthDate","short":"Geburtsdatum, falls bekannt","definition":"Das Datum, an dem die Person geboren wurde. Näherungswerte können verwendet werden, wenn das genaue Datum unbekannt ist.","min":0,"max":"1","base":{"path":"human-being-logical-model.birthDate","min":0,"max":"1"},"type":[{"code":"dateTime"}],"isSummary":true},{"id":"human-being-logical-model.deceased[x]","path":"human-being-logical-model.deceased[x]","short":"Angabe, ob der Mensch verstorben ist.","definition":"Ein Hinweis, ob der Mensch gestorben ist. Der boolesche Wert sollte nicht verwendet werden, wenn Datum oder Alter des Todes bekannt sind.","min":0,"max":"1","base":{"path":"human-being-logical-model.deceased[x]","min":0,"max":"1"},"type":[{"code":"boolean"},{"code":"dateTime"},{"code":"Age"}],"isSummary":true},{"id":"human-being-logical-model.family","path":"human-being-logical-model.family","short":"Familie","definition":"Mitglieder der unmittelbaren Familie des Menschen.","min":0,"max":"1","base":{"path":"human-being-logical-model.family","min":0,"max":"1"},"type":[{"code":"BackboneElement"}],"constraint":[{"key":"ele-1","severity":"error","human":"All FHIR elements must have a @value or children","expression":"hasValue() or (children().count() > id.count())","xpath":"@value|f:*|h:div"},{"key":"ele-1","severity":"error","human":"All FHIR elements must have a @value or children","expression":"hasValue() or (children().count() > id.count())","xpath":"@value|f:*|h:div","source":"http://hl7.org/fhir/StructureDefinition/Element"}]},{"id":"human-being-logical-model.family.id","path":"human-being-logical-model.family.id","representation":["xmlAttr"],"short":"Unique id for inter-element referencing","definition":"Unique id for the element within a resource (for internal references). This may be any string value that does not contain spaces.","min":0,"max":"1","base":{"path":"Element.id","min":0,"max":"1"},"type":[{"extension":[{"url":"http://hl7.org/fhir/StructureDefinition/structuredefinition-fhir-type","valueUrl":"string"}],"code":"http://hl7.org/fhirpath/System.String"}],"isModifier":false,"isSummary":false,"mapping":[{"identity":"rim","map":"n/a"}]},{"id":"human-being-logical-model.family.extension","path":"human-being-logical-model.family.extension","slicing":{"discriminator":[{"type":"value","path":"url"}],"description":"Extensions are always sliced by (at least) url","rules":"open"},"short":"Additional content defined by implementations","definition":"May be used to represent additional information that is not part of the basic definition of the element. To make the use of extensions safe and manageable, there is a strict set of governance  applied to the definition and use of extensions. Though any implementer can define an extension, there is a set of requirements that SHALL be met as part of the definition of the extension.","comment":"There can be no stigma associated with the use of extensions by any application, project, or standard - regardless of the institution or jurisdiction that uses or defines the extensions.  The use of extensions is what allows the FHIR specification to retain a core level of simplicity for everyone.","alias":["extensions","user content"],"min":0,"max":"*","base":{"path":"Element.extension","min":0,"max":"*"},"type":[{"code":"Extension"}],"constraint":[{"key":"ele-1","severity":"error","human":"All FHIR elements must have a @value or children","expression":"hasValue() or (children().count() > id.count())","xpath":"@value|f:*|h:div","source":"http://hl7.org/fhir/StructureDefinition/Element"},{"key":"ext-1","severity":"error","human":"Must have either extensions or value[x], not both","expression":"extension.exists() != value.exists()","xpath":"exists(f:extension)!=exists(f:*[starts-with(local-name(.), \"value\")])","source":"http://hl7.org/fhir/StructureDefinition/Extension"}],"isModifier":false,"isSummary":false,"mapping":[{"identity":"rim","map":"n/a"}]},{"id":"human-being-logical-model.family.id","path":"human-being-logical-model.family.id","representation":["xmlAttr"],"short":"Unique id for inter-element referencing","definition":"Unique id for the element within a resource (for internal references). This may be any string value that does not contain spaces.","min":0,"max":"1","base":{"path":"Element.id","min":0,"max":"1"},"type":[{"extension":[{"url":"http://hl7.org/fhir/StructureDefinition/structuredefinition-fhir-type","valueUrl":"string"}],"code":"http://hl7.org/fhirpath/System.String"}],"isModifier":false,"isSummary":false,"mapping":[{"identity":"rim","map":"n/a"}]},{"id":"human-being-logical-model.family.extension","path":"human-being-logical-model.family.extension","slicing":{"discriminator":[{"type":"value","path":"url"}],"description":"Extensions are always sliced by (at least) url","rules":"open"},"short":"Additional content defined by implementations","definition":"May be used to represent additional information that is not part of the basic definition of the element. To make the use of extensions safe and manageable, there is a strict set of governance  applied to the definition and use of extensions. Though any implementer can define an extension, there is a set of requirements that SHALL be met as part of the definition of the extension.","comment":"There can be no stigma associated with the use of extensions by any application, project, or standard - regardless of the institution or jurisdiction that uses or defines the extensions.  The use of extensions is what allows the FHIR specification to retain a core level of simplicity for everyone.","alias":["extensions","user content"],"min":0,"max":"*","base":{"path":"Element.extension","min":0,"max":"*"},"type":[{"code":"Extension"}],"constraint":[{"key":"ele-1","severity":"error","human":"All FHIR elements must have a @value or children","expression":"hasValue() or (children().count() > id.count())","xpath":"@value|f:*|h:div","source":"http://hl7.org/fhir/StructureDefinition/Element"},{"key":"ext-1","severity":"error","human":"Must have either extensions or value[x], not both","expression":"extension.exists() != value.exists()","xpath":"exists(f:extension)!=exists(f:*[starts-with(local-name(.), \"value\")])","source":"http://hl7.org/fhir/StructureDefinition/Extension"}],"isModifier":false,"isSummary":false,"mapping":[{"identity":"rim","map":"n/a"}]},{"id":"human-being-logical-model.family.modifierExtension","path":"human-being-logical-model.family.modifierExtension","short":"Extensions that cannot be ignored even if unrecognized","definition":"May be used to represent additional information that is not part of the basic definition of the element and that modifies the understanding of the element in which it is contained and/or the understanding of the containing element's descendants. Usually modifier elements provide negation or qualification. To make the use of extensions safe and manageable, there is a strict set of governance applied to the definition and use of extensions. Though any implementer can define an extension, there is a set of requirements that SHALL be met as part of the definition of the extension. Applications processing a resource are required to check for modifier extensions.\n\nModifier extensions SHALL NOT change the meaning of any elements on Resource or DomainResource (including cannot change the meaning of modifierExtension itself).","comment":"There can be no stigma associated with the use of extensions by any application, project, or standard - regardless of the institution or jurisdiction that uses or defines the extensions.  The use of extensions is what allows the FHIR specification to retain a core level of simplicity for everyone.","requirements":"Modifier extensions allow for extensions that *cannot* be safely ignored to be clearly distinguished from the vast majority of extensions which can be safely ignored.  This promotes interoperability by eliminating the need for implementers to prohibit the presence of extensions. For further information, see the [definition of modifier extensions](http://hl7.org/fhir/R4/extensibility.html#modifierExtension).","alias":["extensions","user content","modifiers"],"min":0,"max":"*","base":{"path":"BackboneElement.modifierExtension","min":0,"max":"*"},"type":[{"code":"Extension"}],"constraint":[{"key":"ele-1","severity":"error","human":"All FHIR elements must have a @value or children","expression":"hasValue() or (children().count() > id.count())","xpath":"@value|f:*|h:div","source":"http://hl7.org/fhir/StructureDefinition/Element"},{"key":"ext-1","severity":"error","human":"Must have either extensions or value[x], not both","expression":"extension.exists() != value.exists()","xpath":"exists(f:extension)!=exists(f:*[starts-with(local-name(.), \"value\")])","source":"http://hl7.org/fhir/StructureDefinition/Extension"}],"isModifier":true,"isModifierReason":"Modifier extensions are expected to modify the meaning or interpretation of the element that contains them","isSummary":true,"mapping":[{"identity":"rim","map":"N/A"}]},{"id":"human-being-logical-model.family.mother","path":"human-being-logical-model.family.mother","short":"Mutter","definition":"Biologische Mutter, derzeitige Adoptivmutter oder beides.","min":0,"max":"2","base":{"path":"human-being-logical-model.family.mother","min":0,"max":"2"},"type":[{"code":"http://example.com/fhir/example/StructureDefinition/family-member"}]},{"id":"human-being-logical-model.family.father","path":"human-being-logical-model.family.father","short":"Biologischer Vater, derzeitiger Adoptivvater oder beides.","definition":"Biologischer Vater, derzeitiger Adoptivvater oder beides.","min":0,"max":"2","base":{"path":"human-being-logical-model.family.father","min":0,"max":"2"},"type":[{"code":"http://example.com/fhir/example/StructureDefinition/family-member"}]},{"id":"human-being-logical-model.family.sibling","path":"human-being-logical-model.family.sibling","short":"Geschwister","definition":"Andere Kinder der Mutter und/oder des Vaters des Menschen.","min":0,"max":"*","base":{"path":"human-being-logical-model.family.sibling","min":0,"max":"*"},"type":[{"code":"http://example.com/fhir/example/StructureDefinition/family-member"}]}]},"differential":{"element":[{"id":"human-being-logical-model","path":"human-being-logical-model","short":"Menschliches Wesen","definition":"Ein Mitglied der Spezies Homo sapiens."},{"id":"human-being-logical-model.name","path":"human-being-logical-model.name","short":"Name(n) des Menschen“ „Die Namen, unter denen der Mensch bekannt ist oder war.","definition":"Name(n) des Menschen“ „Die Namen, unter denen der Mensch bekannt ist oder war.","min":0,"max":"*","type":[{"code":"HumanName"}],"isSummary":true},{"id":"human-being-logical-model.birthDate","path":"human-being-logical-model.birthDate","short":"Geburtsdatum, falls bekannt","definition":"Das Datum, an dem die Person geboren wurde. Näherungswerte können verwendet werden, wenn das genaue Datum unbekannt ist.","min":0,"max":"1","type":[{"code":"dateTime"}],"isSummary":true},{"id":"human-being-logical-model.deceased[x]","path":"human-being-logical-model.deceased[x]","short":"Angabe, ob der Mensch verstorben ist.","definition":"Ein Hinweis, ob der Mensch gestorben ist. Der boolesche Wert sollte nicht verwendet werden, wenn Datum oder Alter des Todes bekannt sind.","min":0,"max":"1","type":[{"code":"boolean"},{"code":"dateTime"},{"code":"Age"}],"isSummary":true},{"id":"human-being-logical-model.family","path":"human-being-logical-model.family","short":"Familie","definition":"Mitglieder der unmittelbaren Familie des Menschen.","min":0,"max":"1","type":[{"code":"BackboneElement"}]},{"id":"human-being-logical-model.family.mother","path":"human-being-logical-model.family.mother","short":"Mutter","definition":"Biologische Mutter, derzeitige Adoptivmutter oder beides.","min":0,"max":"2","type":[{"code":"http://example.com/fhir/example/StructureDefinition/family-member"}]},{"id":"human-being-logical-model.family.father","path":"human-being-logical-model.family.father","short":"Biologischer Vater, derzeitiger Adoptivvater oder beides.","definition":"Biologischer Vater, derzeitiger Adoptivvater oder beides.","min":0,"max":"2","type":[{"code":"http://example.com/fhir/example/StructureDefinition/family-member"}]},{"id":"human-being-logical-model.family.sibling","path":"human-being-logical-model.family.sibling","short":"Geschwister","definition":"Andere Kinder der Mutter und/oder des Vaters des Menschen.","min":0,"max":"*","type":[{"code":"http://example.com/fhir/example/StructureDefinition/family-member"}]}]}}